nyu_data/00000.jpg,nyu_data/00000.png
nyu_data/00001.jpg,nyu_data/00001.png
nyu_data/00002.jpg,nyu_data/00002.png
nyu_data/00003.jpg,nyu_data/00003.png
nyu_data/00004.jpg,nyu_data/00004.png
nyu_data/00005.jpg,nyu_data/00005.png
nyu_data/00006.jpg,nyu_data/00006.png
nyu_data/00007.jpg,nyu_data/00007.png
nyu_data/00008.jpg,nyu_data/00008.png
nyu_data/00009.jpg,nyu_data/00009.png
nyu_data/00010.jpg,nyu_data/00010.png
nyu_data/00011.jpg,nyu_data/00011.png
nyu_data/00012.jpg,nyu_data/00012.png
nyu_data/00013.jpg,nyu_data/00013.png
nyu_data/00014.jpg,nyu_data/00014.png
nyu_data/00015.jpg,nyu_data/00015.png
nyu_data/00016.jpg,nyu_data/00016.png
nyu_data/00017.jpg,nyu_data/00017.png
nyu_data/00018.jpg,nyu_data/00018.png
nyu_data/00019.jpg,nyu_data/00019.png
nyu_data/00020.jpg,nyu_data/00020.png
nyu_data/00021.jpg,nyu_data/00021.png
nyu_data/00022.jpg,nyu_data/00022.png
nyu_data/00023.jpg,nyu_data/00023.png
nyu_data/00024.jpg,nyu_data/00024.png
nyu_data/00025.jpg,nyu_data/00025.png
nyu_data/00026.jpg,nyu_data/00026.png
nyu_data/00027.jpg,nyu_data/00027.png
nyu_data/00028.jpg,nyu_data/00028.png
nyu_data/00029.jpg,nyu_data/00029.png
nyu_data/00030.jpg,nyu_data/00030.png
nyu_data/00031.jpg,nyu_data/00031.png
nyu_data/00032.jpg,nyu_data/00032.png
nyu_data/00033.jpg,nyu_data/00033.png
nyu_data/00034.jpg,nyu_data/00034.png
nyu_data/00035.jpg,nyu_data/00035.png
nyu_data/00036.jpg,nyu_data/00036.png
nyu_data/00037.jpg,nyu_data/00037.png
nyu_data/00038.jpg,nyu_data/00038.png
nyu_data/00039.jpg,nyu_data/00039.png
nyu_data/00040.jpg,nyu_data/00040.png
nyu_data/00041.jpg,nyu_data/00041.png
nyu_data/00042.jpg,nyu_data/00042.png
nyu_data/00043.jpg,nyu_data/00043.png
nyu_data/00044.jpg,nyu_data/00044.png
nyu_data/00045.jpg,nyu_data/00045.png
nyu_data/00046.jpg,nyu_data/00046.png
nyu_data/00047.jpg,nyu_data/00047.png
nyu_data/00048.jpg,nyu_data/00048.png
nyu_data/00049.jpg,nyu_data/00049.png
nyu_data/00050.jpg,nyu_data/00050.png
nyu_data/00051.jpg,nyu_data/00051.png
nyu_data/00052.jpg,nyu_data/00052.png
nyu_data/00053.jpg,nyu_data/00053.png
nyu_data/00054.jpg,nyu_data/00054.png
nyu_data/00055.jpg,nyu_data/00055.png
nyu_data/00056.jpg,nyu_data/00056.png
nyu_data/00057.jpg,nyu_data/00057.png
nyu_data/00058.jpg,nyu_data/00058.png
nyu_data/00059.jpg,nyu_data/00059.png
nyu_data/00060.jpg,nyu_data/00060.png
nyu_data/00061.jpg,nyu_data/00061.png
nyu_data/00062.jpg,nyu_data/00062.png
nyu_data/00063.jpg,nyu_data/00063.png
nyu_data/00064.jpg,nyu_data/00064.png
nyu_data/00065.jpg,nyu_data/00065.png
nyu_data/00066.jpg,nyu_data/00066.png
nyu_data/00067.jpg,nyu_data/00067.png
nyu_data/00068.jpg,nyu_data/00068.png
nyu_data/00069.jpg,nyu_data/00069.png
nyu_data/00070.jpg,nyu_data/00070.png
nyu_data/00071.jpg,nyu_data/00071.png
nyu_data/00072.jpg,nyu_data/00072.png
nyu_data/00073.jpg,nyu_data/00073.png
nyu_data/00074.jpg,nyu_data/00074.png
nyu_data/00075.jpg,nyu_data/00075.png
nyu_data/00076.jpg,nyu_data/00076.png
nyu_data/00077.jpg,nyu_data/00077.png
nyu_data/00078.jpg,nyu_data/00078.png
nyu_data/00079.jpg,nyu_data/00079.png
nyu_data/00080.jpg,nyu_data/00080.png
nyu_data/00081.jpg,nyu_data/00081.png
nyu_data/00082.jpg,nyu_data/00082.png
nyu_data/00083.jpg,nyu_data/00083.png
nyu_data/00084.jpg,nyu_data/00084.png
nyu_data/00085.jpg,nyu_data/00085.png
nyu_data/00086.jpg,nyu_data/00086.png
nyu_data/00087.jpg,nyu_data/00087.png
nyu_data/00088.jpg,nyu_data/00088.png
nyu_data/00089.jpg,nyu_data/00089.png
nyu_data/00090.jpg,nyu_data/00090.png
nyu_data/00091.jpg,nyu_data/00091.png
nyu_data/00092.jpg,nyu_data/00092.png
nyu_data/00093.jpg,nyu_data/00093.png
nyu_data/00094.jpg,nyu_data/00094.png
nyu_data/00095.jpg,nyu_data/00095.png
nyu_data/00096.jpg,nyu_data/00096.png
nyu_data/00097.jpg,nyu_data/00097.png
nyu_data/00098.jpg,nyu_data/00098.png
nyu_data/00099.jpg,nyu_data/00099.png
nyu_data/00100.jpg,nyu_data/00100.png
nyu_data/00101.jpg,nyu_data/00101.png
nyu_data/00102.jpg,nyu_data/00102.png
nyu_data/00103.jpg,nyu_data/00103.png
nyu_data/00104.jpg,nyu_data/00104.png
nyu_data/00105.jpg,nyu_data/00105.png
nyu_data/00106.jpg,nyu_data/00106.png
nyu_data/00107.jpg,nyu_data/00107.png
nyu_data/00108.jpg,nyu_data/00108.png
nyu_data/00109.jpg,nyu_data/00109.png
nyu_data/00110.jpg,nyu_data/00110.png
nyu_data/00111.jpg,nyu_data/00111.png
nyu_data/00112.jpg,nyu_data/00112.png
nyu_data/00113.jpg,nyu_data/00113.png
nyu_data/00114.jpg,nyu_data/00114.png
nyu_data/00115.jpg,nyu_data/00115.png
nyu_data/00116.jpg,nyu_data/00116.png
nyu_data/00117.jpg,nyu_data/00117.png
nyu_data/00118.jpg,nyu_data/00118.png
nyu_data/00119.jpg,nyu_data/00119.png
nyu_data/00120.jpg,nyu_data/00120.png
nyu_data/00121.jpg,nyu_data/00121.png
nyu_data/00122.jpg,nyu_data/00122.png
nyu_data/00123.jpg,nyu_data/00123.png
nyu_data/00124.jpg,nyu_data/00124.png
nyu_data/00125.jpg,nyu_data/00125.png
nyu_data/00126.jpg,nyu_data/00126.png
nyu_data/00127.jpg,nyu_data/00127.png
nyu_data/00128.jpg,nyu_data/00128.png
nyu_data/00129.jpg,nyu_data/00129.png
nyu_data/00130.jpg,nyu_data/00130.png
nyu_data/00131.jpg,nyu_data/00131.png
nyu_data/00132.jpg,nyu_data/00132.png
nyu_data/00133.jpg,nyu_data/00133.png
nyu_data/00134.jpg,nyu_data/00134.png
nyu_data/00135.jpg,nyu_data/00135.png
nyu_data/00136.jpg,nyu_data/00136.png
nyu_data/00137.jpg,nyu_data/00137.png
nyu_data/00138.jpg,nyu_data/00138.png
nyu_data/00139.jpg,nyu_data/00139.png
nyu_data/00140.jpg,nyu_data/00140.png
nyu_data/00141.jpg,nyu_data/00141.png
nyu_data/00142.jpg,nyu_data/00142.png
nyu_data/00143.jpg,nyu_data/00143.png
nyu_data/00144.jpg,nyu_data/00144.png
nyu_data/00145.jpg,nyu_data/00145.png
nyu_data/00146.jpg,nyu_data/00146.png
nyu_data/00147.jpg,nyu_data/00147.png
nyu_data/00148.jpg,nyu_data/00148.png
nyu_data/00149.jpg,nyu_data/00149.png
nyu_data/00150.jpg,nyu_data/00150.png
nyu_data/00151.jpg,nyu_data/00151.png
nyu_data/00152.jpg,nyu_data/00152.png
nyu_data/00153.jpg,nyu_data/00153.png
nyu_data/00154.jpg,nyu_data/00154.png
nyu_data/00155.jpg,nyu_data/00155.png
nyu_data/00156.jpg,nyu_data/00156.png
nyu_data/00157.jpg,nyu_data/00157.png
nyu_data/00158.jpg,nyu_data/00158.png
nyu_data/00159.jpg,nyu_data/00159.png
nyu_data/00160.jpg,nyu_data/00160.png
nyu_data/00161.jpg,nyu_data/00161.png
nyu_data/00162.jpg,nyu_data/00162.png
nyu_data/00163.jpg,nyu_data/00163.png
nyu_data/00164.jpg,nyu_data/00164.png
nyu_data/00165.jpg,nyu_data/00165.png
nyu_data/00166.jpg,nyu_data/00166.png
nyu_data/00167.jpg,nyu_data/00167.png
nyu_data/00168.jpg,nyu_data/00168.png
nyu_data/00169.jpg,nyu_data/00169.png
nyu_data/00170.jpg,nyu_data/00170.png
nyu_data/00171.jpg,nyu_data/00171.png
nyu_data/00172.jpg,nyu_data/00172.png
nyu_data/00173.jpg,nyu_data/00173.png
nyu_data/00174.jpg,nyu_data/00174.png
nyu_data/00175.jpg,nyu_data/00175.png
nyu_data/00176.jpg,nyu_data/00176.png
nyu_data/00177.jpg,nyu_data/00177.png
nyu_data/00178.jpg,nyu_data/00178.png
nyu_data/00179.jpg,nyu_data/00179.png
nyu_data/00180.jpg,nyu_data/00180.png
nyu_data/00181.jpg,nyu_data/00181.png
nyu_data/00182.jpg,nyu_data/00182.png
nyu_data/00183.jpg,nyu_data/00183.png
nyu_data/00184.jpg,nyu_data/00184.png
nyu_data/00185.jpg,nyu_data/00185.png
nyu_data/00186.jpg,nyu_data/00186.png
nyu_data/00187.jpg,nyu_data/00187.png
nyu_data/00188.jpg,nyu_data/00188.png
nyu_data/00189.jpg,nyu_data/00189.png
nyu_data/00190.jpg,nyu_data/00190.png
nyu_data/00191.jpg,nyu_data/00191.png
nyu_data/00192.jpg,nyu_data/00192.png
nyu_data/00193.jpg,nyu_data/00193.png
nyu_data/00194.jpg,nyu_data/00194.png
nyu_data/00195.jpg,nyu_data/00195.png
nyu_data/00196.jpg,nyu_data/00196.png
nyu_data/00197.jpg,nyu_data/00197.png
nyu_data/00198.jpg,nyu_data/00198.png
nyu_data/00199.jpg,nyu_data/00199.png
nyu_data/00200.jpg,nyu_data/00200.png
nyu_data/00201.jpg,nyu_data/00201.png
nyu_data/00202.jpg,nyu_data/00202.png
nyu_data/00203.jpg,nyu_data/00203.png
nyu_data/00204.jpg,nyu_data/00204.png
nyu_data/00205.jpg,nyu_data/00205.png
nyu_data/00206.jpg,nyu_data/00206.png
nyu_data/00207.jpg,nyu_data/00207.png
nyu_data/00208.jpg,nyu_data/00208.png
nyu_data/00209.jpg,nyu_data/00209.png
nyu_data/00210.jpg,nyu_data/00210.png
nyu_data/00211.jpg,nyu_data/00211.png
nyu_data/00212.jpg,nyu_data/00212.png
nyu_data/00213.jpg,nyu_data/00213.png
nyu_data/00214.jpg,nyu_data/00214.png
nyu_data/00215.jpg,nyu_data/00215.png
nyu_data/00216.jpg,nyu_data/00216.png
nyu_data/00217.jpg,nyu_data/00217.png
nyu_data/00218.jpg,nyu_data/00218.png
nyu_data/00219.jpg,nyu_data/00219.png
nyu_data/00220.jpg,nyu_data/00220.png
nyu_data/00221.jpg,nyu_data/00221.png
nyu_data/00222.jpg,nyu_data/00222.png
nyu_data/00223.jpg,nyu_data/00223.png
nyu_data/00224.jpg,nyu_data/00224.png
nyu_data/00225.jpg,nyu_data/00225.png
nyu_data/00226.jpg,nyu_data/00226.png
nyu_data/00227.jpg,nyu_data/00227.png
nyu_data/00228.jpg,nyu_data/00228.png
nyu_data/00229.jpg,nyu_data/00229.png
nyu_data/00230.jpg,nyu_data/00230.png
nyu_data/00231.jpg,nyu_data/00231.png
nyu_data/00232.jpg,nyu_data/00232.png
nyu_data/00233.jpg,nyu_data/00233.png
nyu_data/00234.jpg,nyu_data/00234.png
nyu_data/00235.jpg,nyu_data/00235.png
nyu_data/00236.jpg,nyu_data/00236.png
nyu_data/00237.jpg,nyu_data/00237.png
nyu_data/00238.jpg,nyu_data/00238.png
nyu_data/00239.jpg,nyu_data/00239.png
nyu_data/00240.jpg,nyu_data/00240.png
nyu_data/00241.jpg,nyu_data/00241.png
nyu_data/00242.jpg,nyu_data/00242.png
nyu_data/00243.jpg,nyu_data/00243.png
nyu_data/00244.jpg,nyu_data/00244.png
nyu_data/00245.jpg,nyu_data/00245.png
nyu_data/00246.jpg,nyu_data/00246.png
nyu_data/00247.jpg,nyu_data/00247.png
nyu_data/00248.jpg,nyu_data/00248.png
nyu_data/00249.jpg,nyu_data/00249.png
nyu_data/00250.jpg,nyu_data/00250.png
nyu_data/00251.jpg,nyu_data/00251.png
nyu_data/00252.jpg,nyu_data/00252.png
nyu_data/00253.jpg,nyu_data/00253.png
nyu_data/00254.jpg,nyu_data/00254.png
nyu_data/00255.jpg,nyu_data/00255.png
nyu_data/00256.jpg,nyu_data/00256.png
nyu_data/00257.jpg,nyu_data/00257.png
nyu_data/00258.jpg,nyu_data/00258.png
nyu_data/00259.jpg,nyu_data/00259.png
nyu_data/00260.jpg,nyu_data/00260.png
nyu_data/00261.jpg,nyu_data/00261.png
nyu_data/00262.jpg,nyu_data/00262.png
nyu_data/00263.jpg,nyu_data/00263.png
nyu_data/00264.jpg,nyu_data/00264.png
nyu_data/00265.jpg,nyu_data/00265.png
nyu_data/00266.jpg,nyu_data/00266.png
nyu_data/00267.jpg,nyu_data/00267.png
nyu_data/00268.jpg,nyu_data/00268.png
nyu_data/00269.jpg,nyu_data/00269.png
nyu_data/00270.jpg,nyu_data/00270.png
nyu_data/00271.jpg,nyu_data/00271.png
nyu_data/00272.jpg,nyu_data/00272.png
nyu_data/00273.jpg,nyu_data/00273.png
nyu_data/00274.jpg,nyu_data/00274.png
nyu_data/00275.jpg,nyu_data/00275.png
nyu_data/00276.jpg,nyu_data/00276.png
nyu_data/00277.jpg,nyu_data/00277.png
nyu_data/00278.jpg,nyu_data/00278.png
nyu_data/00279.jpg,nyu_data/00279.png
nyu_data/00280.jpg,nyu_data/00280.png
nyu_data/00281.jpg,nyu_data/00281.png
nyu_data/00282.jpg,nyu_data/00282.png
nyu_data/00283.jpg,nyu_data/00283.png
nyu_data/00284.jpg,nyu_data/00284.png
nyu_data/00285.jpg,nyu_data/00285.png
nyu_data/00286.jpg,nyu_data/00286.png
nyu_data/00287.jpg,nyu_data/00287.png
nyu_data/00288.jpg,nyu_data/00288.png
nyu_data/00289.jpg,nyu_data/00289.png
nyu_data/00290.jpg,nyu_data/00290.png
nyu_data/00291.jpg,nyu_data/00291.png
nyu_data/00292.jpg,nyu_data/00292.png
nyu_data/00293.jpg,nyu_data/00293.png
nyu_data/00294.jpg,nyu_data/00294.png
nyu_data/00295.jpg,nyu_data/00295.png
nyu_data/00296.jpg,nyu_data/00296.png
nyu_data/00297.jpg,nyu_data/00297.png
nyu_data/00298.jpg,nyu_data/00298.png
nyu_data/00299.jpg,nyu_data/00299.png
nyu_data/00300.jpg,nyu_data/00300.png
nyu_data/00301.jpg,nyu_data/00301.png
nyu_data/00302.jpg,nyu_data/00302.png
nyu_data/00303.jpg,nyu_data/00303.png
nyu_data/00304.jpg,nyu_data/00304.png
nyu_data/00305.jpg,nyu_data/00305.png
nyu_data/00306.jpg,nyu_data/00306.png
nyu_data/00307.jpg,nyu_data/00307.png
nyu_data/00308.jpg,nyu_data/00308.png
nyu_data/00309.jpg,nyu_data/00309.png
nyu_data/00310.jpg,nyu_data/00310.png
nyu_data/00311.jpg,nyu_data/00311.png
nyu_data/00312.jpg,nyu_data/00312.png
nyu_data/00313.jpg,nyu_data/00313.png
nyu_data/00314.jpg,nyu_data/00314.png
nyu_data/00315.jpg,nyu_data/00315.png
nyu_data/00316.jpg,nyu_data/00316.png
nyu_data/00317.jpg,nyu_data/00317.png
nyu_data/00318.jpg,nyu_data/00318.png
nyu_data/00319.jpg,nyu_data/00319.png
nyu_data/00320.jpg,nyu_data/00320.png
nyu_data/00321.jpg,nyu_data/00321.png
nyu_data/00322.jpg,nyu_data/00322.png
nyu_data/00323.jpg,nyu_data/00323.png
nyu_data/00324.jpg,nyu_data/00324.png
nyu_data/00325.jpg,nyu_data/00325.png
nyu_data/00326.jpg,nyu_data/00326.png
nyu_data/00327.jpg,nyu_data/00327.png
nyu_data/00328.jpg,nyu_data/00328.png
nyu_data/00329.jpg,nyu_data/00329.png
nyu_data/00330.jpg,nyu_data/00330.png
nyu_data/00331.jpg,nyu_data/00331.png
nyu_data/00332.jpg,nyu_data/00332.png
nyu_data/00333.jpg,nyu_data/00333.png
nyu_data/00334.jpg,nyu_data/00334.png
nyu_data/00335.jpg,nyu_data/00335.png
nyu_data/00336.jpg,nyu_data/00336.png
nyu_data/00337.jpg,nyu_data/00337.png
nyu_data/00338.jpg,nyu_data/00338.png
nyu_data/00339.jpg,nyu_data/00339.png
nyu_data/00340.jpg,nyu_data/00340.png
nyu_data/00341.jpg,nyu_data/00341.png
nyu_data/00342.jpg,nyu_data/00342.png
nyu_data/00343.jpg,nyu_data/00343.png
nyu_data/00344.jpg,nyu_data/00344.png
nyu_data/00345.jpg,nyu_data/00345.png
nyu_data/00346.jpg,nyu_data/00346.png
nyu_data/00347.jpg,nyu_data/00347.png
nyu_data/00348.jpg,nyu_data/00348.png
nyu_data/00349.jpg,nyu_data/00349.png
nyu_data/00350.jpg,nyu_data/00350.png
nyu_data/00351.jpg,nyu_data/00351.png
nyu_data/00352.jpg,nyu_data/00352.png
nyu_data/00353.jpg,nyu_data/00353.png
nyu_data/00354.jpg,nyu_data/00354.png
nyu_data/00355.jpg,nyu_data/00355.png
nyu_data/00356.jpg,nyu_data/00356.png
nyu_data/00357.jpg,nyu_data/00357.png
nyu_data/00358.jpg,nyu_data/00358.png
nyu_data/00359.jpg,nyu_data/00359.png
nyu_data/00360.jpg,nyu_data/00360.png
nyu_data/00361.jpg,nyu_data/00361.png
nyu_data/00362.jpg,nyu_data/00362.png
nyu_data/00363.jpg,nyu_data/00363.png
nyu_data/00364.jpg,nyu_data/00364.png
nyu_data/00365.jpg,nyu_data/00365.png
nyu_data/00366.jpg,nyu_data/00366.png
nyu_data/00367.jpg,nyu_data/00367.png
nyu_data/00368.jpg,nyu_data/00368.png
nyu_data/00369.jpg,nyu_data/00369.png
nyu_data/00370.jpg,nyu_data/00370.png
nyu_data/00371.jpg,nyu_data/00371.png
nyu_data/00372.jpg,nyu_data/00372.png
nyu_data/00373.jpg,nyu_data/00373.png
nyu_data/00374.jpg,nyu_data/00374.png
nyu_data/00375.jpg,nyu_data/00375.png
nyu_data/00376.jpg,nyu_data/00376.png
nyu_data/00377.jpg,nyu_data/00377.png
nyu_data/00378.jpg,nyu_data/00378.png
nyu_data/00379.jpg,nyu_data/00379.png
nyu_data/00380.jpg,nyu_data/00380.png
nyu_data/00381.jpg,nyu_data/00381.png
nyu_data/00382.jpg,nyu_data/00382.png
nyu_data/00383.jpg,nyu_data/00383.png
nyu_data/00384.jpg,nyu_data/00384.png
nyu_data/00385.jpg,nyu_data/00385.png
nyu_data/00386.jpg,nyu_data/00386.png
nyu_data/00387.jpg,nyu_data/00387.png
nyu_data/00388.jpg,nyu_data/00388.png
nyu_data/00389.jpg,nyu_data/00389.png
nyu_data/00390.jpg,nyu_data/00390.png
nyu_data/00391.jpg,nyu_data/00391.png
nyu_data/00392.jpg,nyu_data/00392.png
nyu_data/00393.jpg,nyu_data/00393.png
nyu_data/00394.jpg,nyu_data/00394.png
nyu_data/00395.jpg,nyu_data/00395.png
nyu_data/00396.jpg,nyu_data/00396.png
nyu_data/00397.jpg,nyu_data/00397.png
nyu_data/00398.jpg,nyu_data/00398.png
nyu_data/00399.jpg,nyu_data/00399.png
nyu_data/00400.jpg,nyu_data/00400.png
nyu_data/00401.jpg,nyu_data/00401.png
nyu_data/00402.jpg,nyu_data/00402.png
nyu_data/00403.jpg,nyu_data/00403.png
nyu_data/00404.jpg,nyu_data/00404.png
nyu_data/00405.jpg,nyu_data/00405.png
nyu_data/00406.jpg,nyu_data/00406.png
nyu_data/00407.jpg,nyu_data/00407.png
nyu_data/00408.jpg,nyu_data/00408.png
nyu_data/00409.jpg,nyu_data/00409.png
nyu_data/00410.jpg,nyu_data/00410.png
nyu_data/00411.jpg,nyu_data/00411.png
nyu_data/00412.jpg,nyu_data/00412.png
nyu_data/00413.jpg,nyu_data/00413.png
nyu_data/00414.jpg,nyu_data/00414.png
nyu_data/00415.jpg,nyu_data/00415.png
nyu_data/00416.jpg,nyu_data/00416.png
nyu_data/00417.jpg,nyu_data/00417.png
nyu_data/00418.jpg,nyu_data/00418.png
nyu_data/00419.jpg,nyu_data/00419.png
nyu_data/00420.jpg,nyu_data/00420.png
nyu_data/00421.jpg,nyu_data/00421.png
nyu_data/00422.jpg,nyu_data/00422.png
nyu_data/00423.jpg,nyu_data/00423.png
nyu_data/00424.jpg,nyu_data/00424.png
nyu_data/00425.jpg,nyu_data/00425.png
nyu_data/00426.jpg,nyu_data/00426.png
nyu_data/00427.jpg,nyu_data/00427.png
nyu_data/00428.jpg,nyu_data/00428.png
nyu_data/00429.jpg,nyu_data/00429.png
nyu_data/00430.jpg,nyu_data/00430.png
nyu_data/00431.jpg,nyu_data/00431.png
nyu_data/00432.jpg,nyu_data/00432.png
nyu_data/00433.jpg,nyu_data/00433.png
nyu_data/00434.jpg,nyu_data/00434.png
nyu_data/00435.jpg,nyu_data/00435.png
nyu_data/00436.jpg,nyu_data/00436.png
nyu_data/00437.jpg,nyu_data/00437.png
nyu_data/00438.jpg,nyu_data/00438.png
nyu_data/00439.jpg,nyu_data/00439.png
nyu_data/00440.jpg,nyu_data/00440.png
nyu_data/00441.jpg,nyu_data/00441.png
nyu_data/00442.jpg,nyu_data/00442.png
nyu_data/00443.jpg,nyu_data/00443.png
nyu_data/00444.jpg,nyu_data/00444.png
nyu_data/00445.jpg,nyu_data/00445.png
nyu_data/00446.jpg,nyu_data/00446.png
nyu_data/00447.jpg,nyu_data/00447.png
nyu_data/00448.jpg,nyu_data/00448.png
nyu_data/00449.jpg,nyu_data/00449.png
nyu_data/00450.jpg,nyu_data/00450.png
nyu_data/00451.jpg,nyu_data/00451.png
nyu_data/00452.jpg,nyu_data/00452.png
nyu_data/00453.jpg,nyu_data/00453.png
nyu_data/00454.jpg,nyu_data/00454.png
nyu_data/00455.jpg,nyu_data/00455.png
nyu_data/00456.jpg,nyu_data/00456.png
nyu_data/00457.jpg,nyu_data/00457.png
nyu_data/00458.jpg,nyu_data/00458.png
nyu_data/00459.jpg,nyu_data/00459.png
nyu_data/00460.jpg,nyu_data/00460.png
nyu_data/00461.jpg,nyu_data/00461.png
nyu_data/00462.jpg,nyu_data/00462.png
nyu_data/00463.jpg,nyu_data/00463.png
nyu_data/00464.jpg,nyu_data/00464.png
nyu_data/00465.jpg,nyu_data/00465.png
nyu_data/00466.jpg,nyu_data/00466.png
nyu_data/00467.jpg,nyu_data/00467.png
nyu_data/00468.jpg,nyu_data/00468.png
nyu_data/00469.jpg,nyu_data/00469.png
nyu_data/00470.jpg,nyu_data/00470.png
nyu_data/00471.jpg,nyu_data/00471.png
nyu_data/00472.jpg,nyu_data/00472.png
nyu_data/00473.jpg,nyu_data/00473.png
nyu_data/00474.jpg,nyu_data/00474.png
nyu_data/00475.jpg,nyu_data/00475.png
nyu_data/00476.jpg,nyu_data/00476.png
nyu_data/00477.jpg,nyu_data/00477.png
nyu_data/00478.jpg,nyu_data/00478.png
nyu_data/00479.jpg,nyu_data/00479.png
nyu_data/00480.jpg,nyu_data/00480.png
nyu_data/00481.jpg,nyu_data/00481.png
nyu_data/00482.jpg,nyu_data/00482.png
nyu_data/00483.jpg,nyu_data/00483.png
nyu_data/00484.jpg,nyu_data/00484.png
nyu_data/00485.jpg,nyu_data/00485.png
nyu_data/00486.jpg,nyu_data/00486.png
nyu_data/00487.jpg,nyu_data/00487.png
nyu_data/00488.jpg,nyu_data/00488.png
nyu_data/00489.jpg,nyu_data/00489.png
nyu_data/00490.jpg,nyu_data/00490.png
nyu_data/00491.jpg,nyu_data/00491.png
nyu_data/00492.jpg,nyu_data/00492.png
nyu_data/00493.jpg,nyu_data/00493.png
nyu_data/00494.jpg,nyu_data/00494.png
nyu_data/00495.jpg,nyu_data/00495.png
nyu_data/00496.jpg,nyu_data/00496.png
nyu_data/00497.jpg,nyu_data/00497.png
nyu_data/00498.jpg,nyu_data/00498.png
nyu_data/00499.jpg,nyu_data/00499.png
nyu_data/00500.jpg,nyu_data/00500.png
nyu_data/00501.jpg,nyu_data/00501.png
nyu_data/00502.jpg,nyu_data/00502.png
nyu_data/00503.jpg,nyu_data/00503.png
nyu_data/00504.jpg,nyu_data/00504.png
nyu_data/00505.jpg,nyu_data/00505.png
nyu_data/00506.jpg,nyu_data/00506.png
nyu_data/00507.jpg,nyu_data/00507.png
nyu_data/00508.jpg,nyu_data/00508.png
nyu_data/00509.jpg,nyu_data/00509.png
nyu_data/00510.jpg,nyu_data/00510.png
nyu_data/00511.jpg,nyu_data/00511.png
nyu_data/00512.jpg,nyu_data/00512.png
nyu_data/00513.jpg,nyu_data/00513.png
nyu_data/00514.jpg,nyu_data/00514.png
nyu_data/00515.jpg,nyu_data/00515.png
nyu_data/00516.jpg,nyu_data/00516.png
nyu_data/00517.jpg,nyu_data/00517.png
nyu_data/00518.jpg,nyu_data/00518.png
nyu_data/00519.jpg,nyu_data/00519.png
nyu_data/00520.jpg,nyu_data/00520.png
nyu_data/00521.jpg,nyu_data/00521.png
nyu_data/00522.jpg,nyu_data/00522.png
nyu_data/00523.jpg,nyu_data/00523.png
nyu_data/00524.jpg,nyu_data/00524.png
nyu_data/00525.jpg,nyu_data/00525.png
nyu_data/00526.jpg,nyu_data/00526.png
nyu_data/00527.jpg,nyu_data/00527.png
nyu_data/00528.jpg,nyu_data/00528.png
nyu_data/00529.jpg,nyu_data/00529.png
nyu_data/00530.jpg,nyu_data/00530.png
nyu_data/00531.jpg,nyu_data/00531.png
nyu_data/00532.jpg,nyu_data/00532.png
nyu_data/00533.jpg,nyu_data/00533.png
nyu_data/00534.jpg,nyu_data/00534.png
nyu_data/00535.jpg,nyu_data/00535.png
nyu_data/00536.jpg,nyu_data/00536.png
nyu_data/00537.jpg,nyu_data/00537.png
nyu_data/00538.jpg,nyu_data/00538.png
nyu_data/00539.jpg,nyu_data/00539.png
nyu_data/00540.jpg,nyu_data/00540.png
nyu_data/00541.jpg,nyu_data/00541.png
nyu_data/00542.jpg,nyu_data/00542.png
nyu_data/00543.jpg,nyu_data/00543.png
nyu_data/00544.jpg,nyu_data/00544.png
nyu_data/00545.jpg,nyu_data/00545.png
nyu_data/00546.jpg,nyu_data/00546.png
nyu_data/00547.jpg,nyu_data/00547.png
nyu_data/00548.jpg,nyu_data/00548.png
nyu_data/00549.jpg,nyu_data/00549.png
nyu_data/00550.jpg,nyu_data/00550.png
nyu_data/00551.jpg,nyu_data/00551.png
nyu_data/00552.jpg,nyu_data/00552.png
nyu_data/00553.jpg,nyu_data/00553.png
nyu_data/00554.jpg,nyu_data/00554.png
nyu_data/00555.jpg,nyu_data/00555.png
nyu_data/00556.jpg,nyu_data/00556.png
nyu_data/00557.jpg,nyu_data/00557.png
nyu_data/00558.jpg,nyu_data/00558.png
nyu_data/00559.jpg,nyu_data/00559.png
nyu_data/00560.jpg,nyu_data/00560.png
nyu_data/00561.jpg,nyu_data/00561.png
nyu_data/00562.jpg,nyu_data/00562.png
nyu_data/00563.jpg,nyu_data/00563.png
nyu_data/00564.jpg,nyu_data/00564.png
nyu_data/00565.jpg,nyu_data/00565.png
nyu_data/00566.jpg,nyu_data/00566.png
nyu_data/00567.jpg,nyu_data/00567.png
nyu_data/00568.jpg,nyu_data/00568.png
nyu_data/00569.jpg,nyu_data/00569.png
nyu_data/00570.jpg,nyu_data/00570.png
nyu_data/00571.jpg,nyu_data/00571.png
nyu_data/00572.jpg,nyu_data/00572.png
nyu_data/00573.jpg,nyu_data/00573.png
nyu_data/00574.jpg,nyu_data/00574.png
nyu_data/00575.jpg,nyu_data/00575.png
nyu_data/00576.jpg,nyu_data/00576.png
nyu_data/00577.jpg,nyu_data/00577.png
nyu_data/00578.jpg,nyu_data/00578.png
nyu_data/00579.jpg,nyu_data/00579.png
nyu_data/00580.jpg,nyu_data/00580.png
nyu_data/00581.jpg,nyu_data/00581.png
nyu_data/00582.jpg,nyu_data/00582.png
nyu_data/00583.jpg,nyu_data/00583.png
nyu_data/00584.jpg,nyu_data/00584.png
nyu_data/00585.jpg,nyu_data/00585.png
nyu_data/00586.jpg,nyu_data/00586.png
nyu_data/00587.jpg,nyu_data/00587.png
nyu_data/00588.jpg,nyu_data/00588.png
nyu_data/00589.jpg,nyu_data/00589.png
nyu_data/00590.jpg,nyu_data/00590.png
nyu_data/00591.jpg,nyu_data/00591.png
nyu_data/00592.jpg,nyu_data/00592.png
nyu_data/00593.jpg,nyu_data/00593.png
nyu_data/00594.jpg,nyu_data/00594.png
nyu_data/00595.jpg,nyu_data/00595.png
nyu_data/00596.jpg,nyu_data/00596.png
nyu_data/00597.jpg,nyu_data/00597.png
nyu_data/00598.jpg,nyu_data/00598.png
nyu_data/00599.jpg,nyu_data/00599.png
nyu_data/00600.jpg,nyu_data/00600.png
nyu_data/00601.jpg,nyu_data/00601.png
nyu_data/00602.jpg,nyu_data/00602.png
nyu_data/00603.jpg,nyu_data/00603.png
nyu_data/00604.jpg,nyu_data/00604.png
nyu_data/00605.jpg,nyu_data/00605.png
nyu_data/00606.jpg,nyu_data/00606.png
nyu_data/00607.jpg,nyu_data/00607.png
nyu_data/00608.jpg,nyu_data/00608.png
nyu_data/00609.jpg,nyu_data/00609.png
nyu_data/00610.jpg,nyu_data/00610.png
nyu_data/00611.jpg,nyu_data/00611.png
nyu_data/00612.jpg,nyu_data/00612.png
nyu_data/00613.jpg,nyu_data/00613.png
nyu_data/00614.jpg,nyu_data/00614.png
nyu_data/00615.jpg,nyu_data/00615.png
nyu_data/00616.jpg,nyu_data/00616.png
nyu_data/00617.jpg,nyu_data/00617.png
nyu_data/00618.jpg,nyu_data/00618.png
nyu_data/00619.jpg,nyu_data/00619.png
nyu_data/00620.jpg,nyu_data/00620.png
nyu_data/00621.jpg,nyu_data/00621.png
nyu_data/00622.jpg,nyu_data/00622.png
nyu_data/00623.jpg,nyu_data/00623.png
nyu_data/00624.jpg,nyu_data/00624.png
nyu_data/00625.jpg,nyu_data/00625.png
nyu_data/00626.jpg,nyu_data/00626.png
nyu_data/00627.jpg,nyu_data/00627.png
nyu_data/00628.jpg,nyu_data/00628.png
nyu_data/00629.jpg,nyu_data/00629.png
nyu_data/00630.jpg,nyu_data/00630.png
nyu_data/00631.jpg,nyu_data/00631.png
nyu_data/00632.jpg,nyu_data/00632.png
nyu_data/00633.jpg,nyu_data/00633.png
nyu_data/00634.jpg,nyu_data/00634.png
nyu_data/00635.jpg,nyu_data/00635.png
nyu_data/00636.jpg,nyu_data/00636.png
nyu_data/00637.jpg,nyu_data/00637.png
nyu_data/00638.jpg,nyu_data/00638.png
nyu_data/00639.jpg,nyu_data/00639.png
nyu_data/00640.jpg,nyu_data/00640.png
nyu_data/00641.jpg,nyu_data/00641.png
nyu_data/00642.jpg,nyu_data/00642.png
nyu_data/00643.jpg,nyu_data/00643.png
nyu_data/00644.jpg,nyu_data/00644.png
nyu_data/00645.jpg,nyu_data/00645.png
nyu_data/00646.jpg,nyu_data/00646.png
nyu_data/00647.jpg,nyu_data/00647.png
nyu_data/00648.jpg,nyu_data/00648.png
nyu_data/00649.jpg,nyu_data/00649.png
nyu_data/00650.jpg,nyu_data/00650.png
nyu_data/00651.jpg,nyu_data/00651.png
nyu_data/00652.jpg,nyu_data/00652.png
nyu_data/00653.jpg,nyu_data/00653.png
nyu_data/00654.jpg,nyu_data/00654.png
nyu_data/00655.jpg,nyu_data/00655.png
nyu_data/00656.jpg,nyu_data/00656.png
nyu_data/00657.jpg,nyu_data/00657.png
nyu_data/00658.jpg,nyu_data/00658.png
nyu_data/00659.jpg,nyu_data/00659.png
nyu_data/00660.jpg,nyu_data/00660.png
nyu_data/00661.jpg,nyu_data/00661.png
nyu_data/00662.jpg,nyu_data/00662.png
nyu_data/00663.jpg,nyu_data/00663.png
nyu_data/00664.jpg,nyu_data/00664.png
nyu_data/00665.jpg,nyu_data/00665.png
nyu_data/00666.jpg,nyu_data/00666.png
nyu_data/00667.jpg,nyu_data/00667.png
nyu_data/00668.jpg,nyu_data/00668.png
nyu_data/00669.jpg,nyu_data/00669.png
nyu_data/00670.jpg,nyu_data/00670.png
nyu_data/00671.jpg,nyu_data/00671.png
nyu_data/00672.jpg,nyu_data/00672.png
nyu_data/00673.jpg,nyu_data/00673.png
nyu_data/00674.jpg,nyu_data/00674.png
nyu_data/00675.jpg,nyu_data/00675.png
nyu_data/00676.jpg,nyu_data/00676.png
nyu_data/00677.jpg,nyu_data/00677.png
nyu_data/00678.jpg,nyu_data/00678.png
nyu_data/00679.jpg,nyu_data/00679.png
nyu_data/00680.jpg,nyu_data/00680.png
nyu_data/00681.jpg,nyu_data/00681.png
nyu_data/00682.jpg,nyu_data/00682.png
nyu_data/00683.jpg,nyu_data/00683.png
nyu_data/00684.jpg,nyu_data/00684.png
nyu_data/00685.jpg,nyu_data/00685.png
nyu_data/00686.jpg,nyu_data/00686.png
nyu_data/00687.jpg,nyu_data/00687.png
nyu_data/00688.jpg,nyu_data/00688.png
nyu_data/00689.jpg,nyu_data/00689.png
nyu_data/00690.jpg,nyu_data/00690.png
nyu_data/00691.jpg,nyu_data/00691.png
nyu_data/00692.jpg,nyu_data/00692.png
nyu_data/00693.jpg,nyu_data/00693.png
nyu_data/00694.jpg,nyu_data/00694.png
nyu_data/00695.jpg,nyu_data/00695.png
nyu_data/00696.jpg,nyu_data/00696.png
nyu_data/00697.jpg,nyu_data/00697.png
nyu_data/00698.jpg,nyu_data/00698.png
nyu_data/00699.jpg,nyu_data/00699.png
nyu_data/00700.jpg,nyu_data/00700.png
nyu_data/00701.jpg,nyu_data/00701.png
nyu_data/00702.jpg,nyu_data/00702.png
nyu_data/00703.jpg,nyu_data/00703.png
nyu_data/00704.jpg,nyu_data/00704.png
nyu_data/00705.jpg,nyu_data/00705.png
nyu_data/00706.jpg,nyu_data/00706.png
nyu_data/00707.jpg,nyu_data/00707.png
nyu_data/00708.jpg,nyu_data/00708.png
nyu_data/00709.jpg,nyu_data/00709.png
nyu_data/00710.jpg,nyu_data/00710.png
nyu_data/00711.jpg,nyu_data/00711.png
nyu_data/00712.jpg,nyu_data/00712.png
nyu_data/00713.jpg,nyu_data/00713.png
nyu_data/00714.jpg,nyu_data/00714.png
nyu_data/00715.jpg,nyu_data/00715.png
nyu_data/00716.jpg,nyu_data/00716.png
nyu_data/00717.jpg,nyu_data/00717.png
nyu_data/00718.jpg,nyu_data/00718.png
nyu_data/00719.jpg,nyu_data/00719.png
nyu_data/00720.jpg,nyu_data/00720.png
nyu_data/00721.jpg,nyu_data/00721.png
nyu_data/00722.jpg,nyu_data/00722.png
nyu_data/00723.jpg,nyu_data/00723.png
nyu_data/00724.jpg,nyu_data/00724.png
nyu_data/00725.jpg,nyu_data/00725.png
nyu_data/00726.jpg,nyu_data/00726.png
nyu_data/00727.jpg,nyu_data/00727.png
nyu_data/00728.jpg,nyu_data/00728.png
nyu_data/00729.jpg,nyu_data/00729.png
nyu_data/00730.jpg,nyu_data/00730.png
nyu_data/00731.jpg,nyu_data/00731.png
nyu_data/00732.jpg,nyu_data/00732.png
nyu_data/00733.jpg,nyu_data/00733.png
nyu_data/00734.jpg,nyu_data/00734.png
nyu_data/00735.jpg,nyu_data/00735.png
nyu_data/00736.jpg,nyu_data/00736.png
nyu_data/00737.jpg,nyu_data/00737.png
nyu_data/00738.jpg,nyu_data/00738.png
nyu_data/00739.jpg,nyu_data/00739.png
nyu_data/00740.jpg,nyu_data/00740.png
nyu_data/00741.jpg,nyu_data/00741.png
nyu_data/00742.jpg,nyu_data/00742.png
nyu_data/00743.jpg,nyu_data/00743.png
nyu_data/00744.jpg,nyu_data/00744.png
nyu_data/00745.jpg,nyu_data/00745.png
nyu_data/00746.jpg,nyu_data/00746.png
nyu_data/00747.jpg,nyu_data/00747.png
nyu_data/00748.jpg,nyu_data/00748.png
nyu_data/00749.jpg,nyu_data/00749.png
nyu_data/00750.jpg,nyu_data/00750.png
nyu_data/00751.jpg,nyu_data/00751.png
nyu_data/00752.jpg,nyu_data/00752.png
nyu_data/00753.jpg,nyu_data/00753.png
nyu_data/00754.jpg,nyu_data/00754.png
nyu_data/00755.jpg,nyu_data/00755.png
nyu_data/00756.jpg,nyu_data/00756.png
nyu_data/00757.jpg,nyu_data/00757.png
nyu_data/00758.jpg,nyu_data/00758.png
nyu_data/00759.jpg,nyu_data/00759.png
nyu_data/00760.jpg,nyu_data/00760.png
nyu_data/00761.jpg,nyu_data/00761.png
nyu_data/00762.jpg,nyu_data/00762.png
nyu_data/00763.jpg,nyu_data/00763.png
nyu_data/00764.jpg,nyu_data/00764.png
nyu_data/00765.jpg,nyu_data/00765.png
nyu_data/00766.jpg,nyu_data/00766.png
nyu_data/00767.jpg,nyu_data/00767.png
nyu_data/00768.jpg,nyu_data/00768.png
nyu_data/00769.jpg,nyu_data/00769.png
nyu_data/00770.jpg,nyu_data/00770.png
nyu_data/00771.jpg,nyu_data/00771.png
nyu_data/00772.jpg,nyu_data/00772.png
nyu_data/00773.jpg,nyu_data/00773.png
nyu_data/00774.jpg,nyu_data/00774.png
nyu_data/00775.jpg,nyu_data/00775.png
nyu_data/00776.jpg,nyu_data/00776.png
nyu_data/00777.jpg,nyu_data/00777.png
nyu_data/00778.jpg,nyu_data/00778.png
nyu_data/00779.jpg,nyu_data/00779.png
nyu_data/00780.jpg,nyu_data/00780.png
nyu_data/00781.jpg,nyu_data/00781.png
nyu_data/00782.jpg,nyu_data/00782.png
nyu_data/00783.jpg,nyu_data/00783.png
nyu_data/00784.jpg,nyu_data/00784.png
nyu_data/00785.jpg,nyu_data/00785.png
nyu_data/00786.jpg,nyu_data/00786.png
nyu_data/00787.jpg,nyu_data/00787.png
nyu_data/00788.jpg,nyu_data/00788.png
nyu_data/00789.jpg,nyu_data/00789.png
nyu_data/00790.jpg,nyu_data/00790.png
nyu_data/00791.jpg,nyu_data/00791.png
nyu_data/00792.jpg,nyu_data/00792.png
nyu_data/00793.jpg,nyu_data/00793.png
nyu_data/00794.jpg,nyu_data/00794.png
nyu_data/00795.jpg,nyu_data/00795.png
nyu_data/00796.jpg,nyu_data/00796.png
nyu_data/00797.jpg,nyu_data/00797.png
nyu_data/00798.jpg,nyu_data/00798.png
nyu_data/00799.jpg,nyu_data/00799.png
nyu_data/00800.jpg,nyu_data/00800.png
nyu_data/00801.jpg,nyu_data/00801.png
nyu_data/00802.jpg,nyu_data/00802.png
nyu_data/00803.jpg,nyu_data/00803.png
nyu_data/00804.jpg,nyu_data/00804.png
nyu_data/00805.jpg,nyu_data/00805.png
nyu_data/00806.jpg,nyu_data/00806.png
nyu_data/00807.jpg,nyu_data/00807.png
nyu_data/00808.jpg,nyu_data/00808.png
nyu_data/00809.jpg,nyu_data/00809.png
nyu_data/00810.jpg,nyu_data/00810.png
nyu_data/00811.jpg,nyu_data/00811.png
nyu_data/00812.jpg,nyu_data/00812.png
nyu_data/00813.jpg,nyu_data/00813.png
nyu_data/00814.jpg,nyu_data/00814.png
nyu_data/00815.jpg,nyu_data/00815.png
nyu_data/00816.jpg,nyu_data/00816.png
nyu_data/00817.jpg,nyu_data/00817.png
nyu_data/00818.jpg,nyu_data/00818.png
nyu_data/00819.jpg,nyu_data/00819.png
nyu_data/00820.jpg,nyu_data/00820.png
nyu_data/00821.jpg,nyu_data/00821.png
nyu_data/00822.jpg,nyu_data/00822.png
nyu_data/00823.jpg,nyu_data/00823.png
nyu_data/00824.jpg,nyu_data/00824.png
nyu_data/00825.jpg,nyu_data/00825.png
nyu_data/00826.jpg,nyu_data/00826.png
nyu_data/00827.jpg,nyu_data/00827.png
nyu_data/00828.jpg,nyu_data/00828.png
nyu_data/00829.jpg,nyu_data/00829.png
nyu_data/00830.jpg,nyu_data/00830.png
nyu_data/00831.jpg,nyu_data/00831.png
nyu_data/00832.jpg,nyu_data/00832.png
nyu_data/00833.jpg,nyu_data/00833.png
nyu_data/00834.jpg,nyu_data/00834.png
nyu_data/00835.jpg,nyu_data/00835.png
nyu_data/00836.jpg,nyu_data/00836.png
nyu_data/00837.jpg,nyu_data/00837.png
nyu_data/00838.jpg,nyu_data/00838.png
nyu_data/00839.jpg,nyu_data/00839.png
nyu_data/00840.jpg,nyu_data/00840.png
nyu_data/00841.jpg,nyu_data/00841.png
nyu_data/00842.jpg,nyu_data/00842.png
nyu_data/00843.jpg,nyu_data/00843.png
nyu_data/00844.jpg,nyu_data/00844.png
nyu_data/00845.jpg,nyu_data/00845.png
nyu_data/00846.jpg,nyu_data/00846.png
nyu_data/00847.jpg,nyu_data/00847.png
nyu_data/00848.jpg,nyu_data/00848.png
nyu_data/00849.jpg,nyu_data/00849.png
nyu_data/00850.jpg,nyu_data/00850.png
nyu_data/00851.jpg,nyu_data/00851.png
nyu_data/00852.jpg,nyu_data/00852.png
nyu_data/00853.jpg,nyu_data/00853.png
nyu_data/00854.jpg,nyu_data/00854.png
nyu_data/00855.jpg,nyu_data/00855.png
nyu_data/00856.jpg,nyu_data/00856.png
nyu_data/00857.jpg,nyu_data/00857.png
nyu_data/00858.jpg,nyu_data/00858.png
nyu_data/00859.jpg,nyu_data/00859.png
nyu_data/00860.jpg,nyu_data/00860.png
nyu_data/00861.jpg,nyu_data/00861.png
nyu_data/00862.jpg,nyu_data/00862.png
nyu_data/00863.jpg,nyu_data/00863.png
nyu_data/00864.jpg,nyu_data/00864.png
nyu_data/00865.jpg,nyu_data/00865.png
nyu_data/00866.jpg,nyu_data/00866.png
nyu_data/00867.jpg,nyu_data/00867.png
nyu_data/00868.jpg,nyu_data/00868.png
nyu_data/00869.jpg,nyu_data/00869.png
nyu_data/00870.jpg,nyu_data/00870.png
nyu_data/00871.jpg,nyu_data/00871.png
nyu_data/00872.jpg,nyu_data/00872.png
nyu_data/00873.jpg,nyu_data/00873.png
nyu_data/00874.jpg,nyu_data/00874.png
nyu_data/00875.jpg,nyu_data/00875.png
nyu_data/00876.jpg,nyu_data/00876.png
nyu_data/00877.jpg,nyu_data/00877.png
nyu_data/00878.jpg,nyu_data/00878.png
nyu_data/00879.jpg,nyu_data/00879.png
nyu_data/00880.jpg,nyu_data/00880.png
nyu_data/00881.jpg,nyu_data/00881.png
nyu_data/00882.jpg,nyu_data/00882.png
nyu_data/00883.jpg,nyu_data/00883.png
nyu_data/00884.jpg,nyu_data/00884.png
nyu_data/00885.jpg,nyu_data/00885.png
nyu_data/00886.jpg,nyu_data/00886.png
nyu_data/00887.jpg,nyu_data/00887.png
nyu_data/00888.jpg,nyu_data/00888.png
nyu_data/00889.jpg,nyu_data/00889.png
nyu_data/00890.jpg,nyu_data/00890.png
nyu_data/00891.jpg,nyu_data/00891.png
nyu_data/00892.jpg,nyu_data/00892.png
nyu_data/00893.jpg,nyu_data/00893.png
nyu_data/00894.jpg,nyu_data/00894.png
nyu_data/00895.jpg,nyu_data/00895.png
nyu_data/00896.jpg,nyu_data/00896.png
nyu_data/00897.jpg,nyu_data/00897.png
nyu_data/00898.jpg,nyu_data/00898.png
nyu_data/00899.jpg,nyu_data/00899.png
